-- phpMyAdmin SQL Dump
-- version 5.0.4
-- https://www.phpmyadmin.net/
--
-- Servidor: localhost:3306
-- Tiempo de generación: 26-05-2021 a las 10:19:41
-- Versión del servidor: 5.7.24
-- Versión de PHP: 7.4.13

SET SQL_MODE = "NO_AUTO_VALUE_ON_ZERO";
START TRANSACTION;
SET time_zone = "+00:00";


/*!40101 SET @OLD_CHARACTER_SET_CLIENT=@@CHARACTER_SET_CLIENT */;
/*!40101 SET @OLD_CHARACTER_SET_RESULTS=@@CHARACTER_SET_RESULTS */;
/*!40101 SET @OLD_COLLATION_CONNECTION=@@COLLATION_CONNECTION */;
/*!40101 SET NAMES utf8mb4 */;

--
-- Base de datos: `acpsy`
--

DELIMITER $$
--
-- Procedimientos
--
CREATE DEFINER=`root`@`localhost` PROCEDURE `LISTAR_USUARIOS` ()  SELECT
	acpsy_usuarios.idUsuario, 
	acpsy_usuarios.dniUsuario, 
	acpsy_usuarios.apellidosUsuario, 
	acpsy_usuarios.nombresUsuario, 
	acpsy_usuarios.cuentaUsuario, 
	acpsy_usuarios.correoUsuario, 
	acpsy_usuarios.claveUsuario, 
	acpsy_usuarios.intentosUsuario,
	date_format(acpsy_usuarios.fechaAlta,'%d/%m/%Y') as fechaAlta, 
	acpsy_usuarios.profileUsuario, 
	acpsy_usuarios.idPerfil, 
	acpsy_perfiles.detallePerfil, 
	acpsy_usuarios.idEstado, 
	acpsy_estadosu.detalleEstadoU
FROM
	acpsy_usuarios
	INNER JOIN
	acpsy_perfiles
	ON 
		acpsy_usuarios.idPerfil = acpsy_perfiles.idPerfil
	INNER JOIN
	acpsy_estadosu
	ON 
		acpsy_usuarios.idEstado = acpsy_estadosu.idEstado 
	ORDER BY acpsy_usuarios.idPerfil ASC$$

CREATE DEFINER=`root`@`localhost` PROCEDURE `LOGIN_USUARIO` (IN `_cuentaUsuario` VARCHAR(50))  SELECT
	acpsy_usuarios.idUsuario, 
	acpsy_usuarios.dniUsuario, 
	acpsy_usuarios.apellidosUsuario, 
	acpsy_usuarios.nombresUsuario, 
	acpsy_usuarios.cuentaUsuario, 
	acpsy_usuarios.correoUsuario, 
	acpsy_usuarios.claveUsuario, 
	acpsy_usuarios.intentosUsuario, 
	acpsy_usuarios.fechaAlta, 
	acpsy_usuarios.profileUsuario, 
	acpsy_usuarios.idPerfil, 
	acpsy_perfiles.detallePerfil, 
	acpsy_usuarios.idEstado, 
	acpsy_estadosu.detalleEstadoU
FROM
	acpsy_usuarios
	INNER JOIN
	acpsy_perfiles
	ON 
		acpsy_usuarios.idPerfil = acpsy_perfiles.idPerfil
	INNER JOIN
	acpsy_estadosu
	ON 
		acpsy_usuarios.idEstado = acpsy_estadosu.idEstado 
WHERE acpsy_usuarios.cuentaUsuario = _cuentaUsuario$$

DELIMITER ;

-- --------------------------------------------------------

--
-- Estructura de tabla para la tabla `acpsy_atencion`
--

CREATE TABLE `acpsy_atencion` (
  `idAtencion` int(11) NOT NULL,
  `fRegistroAtencion` date DEFAULT NULL,
  `cuentaAtencion` varchar(20) COLLATE utf8_bin DEFAULT NULL,
  `historiaAtencion` varchar(20) COLLATE utf8_bin DEFAULT NULL,
  `estadoPacAtencion` int(11) DEFAULT '0',
  `tipdocAtencion` varchar(20) COLLATE utf8_bin DEFAULT NULL,
  `nrodocAtencion` varchar(15) COLLATE utf8_bin DEFAULT NULL,
  `apPaternoAtencion` varchar(30) COLLATE utf8_bin DEFAULT NULL,
  `apMaternoAtencion` varchar(30) COLLATE utf8_bin DEFAULT NULL,
  `nombAtencion` varchar(30) COLLATE utf8_bin DEFAULT NULL,
  `fIngresoAtencion` date DEFAULT NULL,
  `servAtencion` varchar(20) COLLATE utf8_bin DEFAULT NULL,
  `camaAtencion` varchar(20) COLLATE utf8_bin DEFAULT NULL,
  `distritoAtencion` varchar(50) COLLATE utf8_bin DEFAULT NULL,
  `edadAtencion` varchar(20) COLLATE utf8_bin DEFAULT NULL,
  `tipSexoAtencion` int(11) DEFAULT NULL,
  `financiaAtencion` varchar(20) COLLATE utf8_bin DEFAULT NULL,
  `idURegAtencion` int(11) DEFAULT NULL,
  `idEstadoAte` int(11) DEFAULT NULL
) ENGINE=InnoDB DEFAULT CHARSET=utf8 COLLATE=utf8_bin;

-- --------------------------------------------------------

--
-- Estructura de tabla para la tabla `acpsy_condicionprof`
--

CREATE TABLE `acpsy_condicionprof` (
  `idCondicion` int(11) NOT NULL,
  `detaCondicion` varchar(60) COLLATE utf8_bin DEFAULT NULL
) ENGINE=InnoDB DEFAULT CHARSET=utf8 COLLATE=utf8_bin;

--
-- Volcado de datos para la tabla `acpsy_condicionprof`
--

INSERT INTO `acpsy_condicionprof` (`idCondicion`, `detaCondicion`) VALUES
(1, 'NOMBRADO'),
(2, 'CAS');

-- --------------------------------------------------------

--
-- Estructura de tabla para la tabla `acpsy_diagnosticos`
--

CREATE TABLE `acpsy_diagnosticos` (
  `idDiagnostico` int(11) NOT NULL,
  `cieDiagnostico` varchar(20) COLLATE utf8_bin DEFAULT NULL,
  `detaDiagnostico` varchar(100) COLLATE utf8_bin DEFAULT NULL
) ENGINE=InnoDB DEFAULT CHARSET=utf8 COLLATE=utf8_bin;

--
-- Volcado de datos para la tabla `acpsy_diagnosticos`
--

INSERT INTO `acpsy_diagnosticos` (`idDiagnostico`, `cieDiagnostico`, `detaDiagnostico`) VALUES
(1, '99401.19', 'Consejería para el autocuidado'),
(2, 'F32.0', 'Episodio depresivo leve'),
(3, 'F41.2', 'Trastorno mixto de ansiedad y depresión'),
(4, 'F41.9', 'Trastorno de ansiedad, no especificado'),
(5, 'F43.0', 'Reacción al estrés agudo'),
(6, 'F43.1', 'Trastorno de estrés postraumático'),
(7, 'F43.2', 'Trastornos de adaptación'),
(8, 'Z65.5', 'Problemas relacionados con la exposición a desastre, guerra u otras hostilidades'),
(9, '99404', 'Consejería en Salud Mental 1'),
(10, '99404.1', 'Consejería en Salud Mental 2'),
(11, '99404.2', 'Consejería en Salud Mental 3'),
(12, 'Z63.4', 'Desaparición o muerte de miembro de la familia'),
(13, 'Z63.7', 'Problemas relacionados con otros hechos estresantes que afectan a la familia y la casa'),
(14, '99499.08', 'Teleorientación Síncrona'),
(15, '98968.1', 'Seguimiento Telefónico 1'),
(16, '98968.2', 'Seguimiento Telefónico 2'),
(17, '98968.3', 'Seguimiento Telefónico 3'),
(18, 'SCCIE', 'Seguimiento al paciente');

-- --------------------------------------------------------

--
-- Estructura de tabla para la tabla `acpsy_estadoatencion`
--

CREATE TABLE `acpsy_estadoatencion` (
  `idEstadoAte` int(11) NOT NULL,
  `detaEstadoAte` varchar(50) COLLATE utf8_bin DEFAULT NULL
) ENGINE=InnoDB DEFAULT CHARSET=utf8 COLLATE=utf8_bin;

--
-- Volcado de datos para la tabla `acpsy_estadoatencion`
--

INSERT INTO `acpsy_estadoatencion` (`idEstadoAte`, `detaEstadoAte`) VALUES
(1, 'ACTIVO'),
(2, 'FINALIZADO');

-- --------------------------------------------------------

--
-- Estructura de tabla para la tabla `acpsy_estadosu`
--

CREATE TABLE `acpsy_estadosu` (
  `idEstado` int(11) NOT NULL,
  `detalleEstadoU` varchar(50) COLLATE utf8_bin DEFAULT NULL
) ENGINE=InnoDB DEFAULT CHARSET=utf8 COLLATE=utf8_bin;

--
-- Volcado de datos para la tabla `acpsy_estadosu`
--

INSERT INTO `acpsy_estadosu` (`idEstado`, `detalleEstadoU`) VALUES
(1, 'HABILITADO'),
(2, 'INHABILITADO');

-- --------------------------------------------------------

--
-- Estructura de tabla para la tabla `acpsy_estatusseguimiento`
--

CREATE TABLE `acpsy_estatusseguimiento` (
  `idStatusSeg` int(11) NOT NULL,
  `detaStatusSeg` varchar(50) COLLATE utf8_bin DEFAULT NULL
) ENGINE=InnoDB DEFAULT CHARSET=utf8 COLLATE=utf8_bin;

--
-- Volcado de datos para la tabla `acpsy_estatusseguimiento`
--

INSERT INTO `acpsy_estatusseguimiento` (`idStatusSeg`, `detaStatusSeg`) VALUES
(1, 'REGISTRADO'),
(2, 'ANULADO');

-- --------------------------------------------------------

--
-- Estructura de tabla para la tabla `acpsy_etapaseguimiento`
--

CREATE TABLE `acpsy_etapaseguimiento` (
  `idEtapSegui` int(11) NOT NULL,
  `detaEtapSegui` varchar(30) COLLATE utf8_bin DEFAULT NULL
) ENGINE=InnoDB DEFAULT CHARSET=utf8 COLLATE=utf8_bin;

--
-- Volcado de datos para la tabla `acpsy_etapaseguimiento`
--

INSERT INTO `acpsy_etapaseguimiento` (`idEtapSegui`, `detaEtapSegui`) VALUES
(1, 'INICIADO'),
(2, 'EN PROCESO'),
(3, 'FINALIZADO');

-- --------------------------------------------------------

--
-- Estructura de tabla para la tabla `acpsy_famatencion`
--

CREATE TABLE `acpsy_famatencion` (
  `idFamiliar` int(11) NOT NULL,
  `idAtencion` int(11) DEFAULT NULL,
  `idParentesco` int(11) DEFAULT NULL,
  `idTipSexo` int(11) DEFAULT NULL,
  `tipdocFamiliar` varchar(20) COLLATE utf8_bin DEFAULT NULL,
  `ndocFamiliar` varchar(20) COLLATE utf8_bin DEFAULT NULL,
  `nombApFamiliar` varchar(100) COLLATE utf8_bin DEFAULT NULL,
  `edadFamiliar` varchar(20) COLLATE utf8_bin DEFAULT NULL,
  `telcelFamiliar` varchar(12) COLLATE utf8_bin DEFAULT NULL
) ENGINE=InnoDB DEFAULT CHARSET=utf8 COLLATE=utf8_bin;

-- --------------------------------------------------------

--
-- Estructura de tabla para la tabla `acpsy_motivoseguimiento`
--

CREATE TABLE `acpsy_motivoseguimiento` (
  `idMotSeguimiento` int(11) NOT NULL,
  `detaMotivoSef` varchar(50) COLLATE utf8_bin DEFAULT NULL
) ENGINE=InnoDB DEFAULT CHARSET=utf8 COLLATE=utf8_bin;

-- --------------------------------------------------------

--
-- Estructura de tabla para la tabla `acpsy_parentescofam`
--

CREATE TABLE `acpsy_parentescofam` (
  `idParentesco` int(11) NOT NULL,
  `detaParentesco` varchar(50) COLLATE utf8_bin DEFAULT NULL
) ENGINE=InnoDB DEFAULT CHARSET=utf8 COLLATE=utf8_bin;

--
-- Volcado de datos para la tabla `acpsy_parentescofam`
--

INSERT INTO `acpsy_parentescofam` (`idParentesco`, `detaParentesco`) VALUES
(1, 'PADRE'),
(2, 'MADRE'),
(3, 'HIJO(A)'),
(4, 'ABUELO(A)'),
(5, 'NIETO(A)'),
(6, 'HERMANO(A)'),
(7, 'TIO(A)'),
(8, 'SOBRINO(A)'),
(9, 'ESPOSO(A)');

-- --------------------------------------------------------

--
-- Estructura de tabla para la tabla `acpsy_perfiles`
--

CREATE TABLE `acpsy_perfiles` (
  `idPerfil` int(11) NOT NULL,
  `detallePerfil` varchar(50) COLLATE utf8_bin DEFAULT NULL
) ENGINE=InnoDB DEFAULT CHARSET=utf8 COLLATE=utf8_bin;

--
-- Volcado de datos para la tabla `acpsy_perfiles`
--

INSERT INTO `acpsy_perfiles` (`idPerfil`, `detallePerfil`) VALUES
(1, 'ADMINISTRADOR'),
(2, 'JEFE'),
(3, 'PSICOLOGO');

-- --------------------------------------------------------

--
-- Estructura de tabla para la tabla `acpsy_profesionales`
--

CREATE TABLE `acpsy_profesionales` (
  `idProfesional` int(11) NOT NULL,
  `idCondicion` int(11) DEFAULT NULL,
  `dniProfesional` varchar(15) COLLATE utf8_bin DEFAULT NULL,
  `cpspProfesional` varchar(25) COLLATE utf8_bin DEFAULT NULL,
  `apellidosProfesional` varchar(50) COLLATE utf8_bin DEFAULT NULL,
  `nombresProfesional` varchar(50) COLLATE utf8_bin DEFAULT NULL
) ENGINE=InnoDB DEFAULT CHARSET=utf8 COLLATE=utf8_bin;

--
-- Volcado de datos para la tabla `acpsy_profesionales`
--

INSERT INTO `acpsy_profesionales` (`idProfesional`, `idCondicion`, `dniProfesional`, `cpspProfesional`, `apellidosProfesional`, `nombresProfesional`) VALUES
(1, 1, '6958470', '12936', 'CORDOVA CACHAY', 'MATILDE'),
(2, 1, '9851044', '4398', 'FLORES CASTILLO', 'IRMA'),
(3, 1, '9512967', '6287', 'MORI ZUBIATE', 'ZONIA EMPERATRIZ'),
(4, 1, '9479664', '32629', 'PABLO JARAMILLO', 'NORMA BEATRIZ'),
(5, 1, '10725238', '10444', 'RAPRI SOLANO', 'EDSON'),
(6, 1, '6781469', '7045', 'SALDAÑA CHAVEZ', 'KELLY'),
(7, 1, '6123251', '10097', 'SANCHEZ AQUINO', 'NORMA NELIDA'),
(8, 2, '10288615', '25775', 'TRUJILLO CASTILLO', 'MIRIAM ROCIO'),
(9, 1, '7178930', '34522', 'VELASQUEZ REYES', 'MARIA ANGELA'),
(10, 2, '46624029', '21470', 'ZAVALETA LOPEZ', 'DARNELLY JAHAIRA');

-- --------------------------------------------------------

--
-- Estructura de tabla para la tabla `acpsy_seguimiento`
--

CREATE TABLE `acpsy_seguimiento` (
  `idSeguimiento` int(11) NOT NULL,
  `nCorrelativoSeg` varchar(20) COLLATE utf8_bin DEFAULT NULL,
  `fRegistrSeg` date DEFAULT NULL,
  `idUsuario` int(11) DEFAULT NULL,
  `idAtencionPac` int(11) DEFAULT NULL,
  `idProfesional` int(11) DEFAULT NULL,
  `idTipoSeguimiento` int(11) DEFAULT NULL,
  `idMotSeguimiento` int(11) DEFAULT NULL,
  `idEtapSegui` int(11) DEFAULT NULL,
  `idDiag1Seg` int(11) DEFAULT '0',
  `idDiag2Seg` int(11) DEFAULT '0',
  `comunFamSeg` varchar(10) COLLATE utf8_bin DEFAULT NULL,
  `idFamAtSeg` int(11) DEFAULT NULL,
  `idDiag1SegFam` int(11) DEFAULT NULL,
  `idDiag2SegFam` int(11) DEFAULT '0',
  `obsSeg` varchar(200) COLLATE utf8_bin DEFAULT NULL,
  `idStatusSeg` int(11) DEFAULT NULL,
  `registroSistema` timestamp NOT NULL DEFAULT CURRENT_TIMESTAMP
) ENGINE=InnoDB DEFAULT CHARSET=utf8 COLLATE=utf8_bin;

-- --------------------------------------------------------

--
-- Estructura de tabla para la tabla `acpsy_tiposeguimiento`
--

CREATE TABLE `acpsy_tiposeguimiento` (
  `idTipoSeguimiento` int(11) NOT NULL,
  `detaTipSeguimiento` varchar(50) COLLATE utf8_bin DEFAULT NULL
) ENGINE=InnoDB DEFAULT CHARSET=utf8 COLLATE=utf8_bin;

--
-- Volcado de datos para la tabla `acpsy_tiposeguimiento`
--

INSERT INTO `acpsy_tiposeguimiento` (`idTipoSeguimiento`, `detaTipSeguimiento`) VALUES
(1, 'FAM. FALLECIDO'),
(2, 'HOSPITALIZADOS'),
(3, 'PAC. ALTA MEDICA'),
(4, 'PERSONAL DE SALUD');

-- --------------------------------------------------------

--
-- Estructura de tabla para la tabla `acpsy_tipsexo`
--

CREATE TABLE `acpsy_tipsexo` (
  `idTipSexo` int(11) NOT NULL,
  `detaTipSexo` varchar(50) COLLATE utf8_bin DEFAULT NULL
) ENGINE=InnoDB DEFAULT CHARSET=utf8 COLLATE=utf8_bin;

--
-- Volcado de datos para la tabla `acpsy_tipsexo`
--

INSERT INTO `acpsy_tipsexo` (`idTipSexo`, `detaTipSexo`) VALUES
(1, 'MASCULINO'),
(2, 'FEMENINO');

-- --------------------------------------------------------

--
-- Estructura de tabla para la tabla `acpsy_usuarios`
--

CREATE TABLE `acpsy_usuarios` (
  `idUsuario` int(11) NOT NULL,
  `idPerfil` int(11) DEFAULT NULL,
  `idEstado` int(11) DEFAULT NULL,
  `dniUsuario` varchar(20) COLLATE utf8_bin DEFAULT NULL,
  `apellidosUsuario` varchar(50) COLLATE utf8_bin DEFAULT NULL,
  `nombresUsuario` varchar(50) COLLATE utf8_bin DEFAULT NULL,
  `cuentaUsuario` varchar(50) COLLATE utf8_bin DEFAULT NULL,
  `correoUsuario` varchar(50) COLLATE utf8_bin DEFAULT NULL,
  `claveUsuario` varchar(100) COLLATE utf8_bin DEFAULT NULL,
  `intentosUsuario` int(11) DEFAULT '0',
  `fechaAlta` timestamp NULL DEFAULT NULL ON UPDATE CURRENT_TIMESTAMP,
  `profileUsuario` text COLLATE utf8_bin
) ENGINE=InnoDB DEFAULT CHARSET=utf8 COLLATE=utf8_bin;

--
-- Volcado de datos para la tabla `acpsy_usuarios`
--

INSERT INTO `acpsy_usuarios` (`idUsuario`, `idPerfil`, `idEstado`, `dniUsuario`, `apellidosUsuario`, `nombresUsuario`, `cuentaUsuario`, `correoUsuario`, `claveUsuario`, `intentosUsuario`, `fechaAlta`, `profileUsuario`) VALUES
(1, 1, 1, '77478995', 'CASTRO PALACIOS', 'OLGER IVAN', 'ocastrop', 'ocastrop@hnseb.gob.pe', '$2a$07$usesomesillystringforeVF6hLwtgsUBAmUN4cGEd8tYF74gSHRW', 0, '2021-05-26 09:16:09', '');

--
-- Índices para tablas volcadas
--

--
-- Indices de la tabla `acpsy_atencion`
--
ALTER TABLE `acpsy_atencion`
  ADD PRIMARY KEY (`idAtencion`),
  ADD KEY `fk_estadoAte` (`idEstadoAte`);

--
-- Indices de la tabla `acpsy_condicionprof`
--
ALTER TABLE `acpsy_condicionprof`
  ADD PRIMARY KEY (`idCondicion`);

--
-- Indices de la tabla `acpsy_diagnosticos`
--
ALTER TABLE `acpsy_diagnosticos`
  ADD PRIMARY KEY (`idDiagnostico`);

--
-- Indices de la tabla `acpsy_estadoatencion`
--
ALTER TABLE `acpsy_estadoatencion`
  ADD PRIMARY KEY (`idEstadoAte`);

--
-- Indices de la tabla `acpsy_estadosu`
--
ALTER TABLE `acpsy_estadosu`
  ADD PRIMARY KEY (`idEstado`);

--
-- Indices de la tabla `acpsy_estatusseguimiento`
--
ALTER TABLE `acpsy_estatusseguimiento`
  ADD PRIMARY KEY (`idStatusSeg`);

--
-- Indices de la tabla `acpsy_etapaseguimiento`
--
ALTER TABLE `acpsy_etapaseguimiento`
  ADD PRIMARY KEY (`idEtapSegui`);

--
-- Indices de la tabla `acpsy_famatencion`
--
ALTER TABLE `acpsy_famatencion`
  ADD PRIMARY KEY (`idFamiliar`),
  ADD KEY `fk_atencion` (`idAtencion`),
  ADD KEY `fk_parentesco` (`idParentesco`),
  ADD KEY `fk_sexo` (`idTipSexo`);

--
-- Indices de la tabla `acpsy_motivoseguimiento`
--
ALTER TABLE `acpsy_motivoseguimiento`
  ADD PRIMARY KEY (`idMotSeguimiento`);

--
-- Indices de la tabla `acpsy_parentescofam`
--
ALTER TABLE `acpsy_parentescofam`
  ADD PRIMARY KEY (`idParentesco`);

--
-- Indices de la tabla `acpsy_perfiles`
--
ALTER TABLE `acpsy_perfiles`
  ADD PRIMARY KEY (`idPerfil`);

--
-- Indices de la tabla `acpsy_profesionales`
--
ALTER TABLE `acpsy_profesionales`
  ADD PRIMARY KEY (`idProfesional`),
  ADD KEY `fk_condicion` (`idCondicion`);

--
-- Indices de la tabla `acpsy_seguimiento`
--
ALTER TABLE `acpsy_seguimiento`
  ADD PRIMARY KEY (`idSeguimiento`),
  ADD KEY `fk_atencionpac` (`idAtencionPac`),
  ADD KEY `fk_motivo` (`idMotSeguimiento`),
  ADD KEY `fk_etapa` (`idEtapSegui`),
  ADD KEY `fk_profesional` (`idProfesional`),
  ADD KEY `fk_estatus` (`idStatusSeg`),
  ADD KEY `fk_usuarioReg` (`idUsuario`),
  ADD KEY `fk_tipoSeg` (`idTipoSeguimiento`);

--
-- Indices de la tabla `acpsy_tiposeguimiento`
--
ALTER TABLE `acpsy_tiposeguimiento`
  ADD PRIMARY KEY (`idTipoSeguimiento`);

--
-- Indices de la tabla `acpsy_tipsexo`
--
ALTER TABLE `acpsy_tipsexo`
  ADD PRIMARY KEY (`idTipSexo`);

--
-- Indices de la tabla `acpsy_usuarios`
--
ALTER TABLE `acpsy_usuarios`
  ADD PRIMARY KEY (`idUsuario`),
  ADD KEY `fk_perfil` (`idPerfil`),
  ADD KEY `fk_estadoUsuario` (`idEstado`);

--
-- AUTO_INCREMENT de las tablas volcadas
--

--
-- AUTO_INCREMENT de la tabla `acpsy_atencion`
--
ALTER TABLE `acpsy_atencion`
  MODIFY `idAtencion` int(11) NOT NULL AUTO_INCREMENT;

--
-- AUTO_INCREMENT de la tabla `acpsy_condicionprof`
--
ALTER TABLE `acpsy_condicionprof`
  MODIFY `idCondicion` int(11) NOT NULL AUTO_INCREMENT, AUTO_INCREMENT=3;

--
-- AUTO_INCREMENT de la tabla `acpsy_diagnosticos`
--
ALTER TABLE `acpsy_diagnosticos`
  MODIFY `idDiagnostico` int(11) NOT NULL AUTO_INCREMENT, AUTO_INCREMENT=19;

--
-- AUTO_INCREMENT de la tabla `acpsy_estadoatencion`
--
ALTER TABLE `acpsy_estadoatencion`
  MODIFY `idEstadoAte` int(11) NOT NULL AUTO_INCREMENT, AUTO_INCREMENT=3;

--
-- AUTO_INCREMENT de la tabla `acpsy_estadosu`
--
ALTER TABLE `acpsy_estadosu`
  MODIFY `idEstado` int(11) NOT NULL AUTO_INCREMENT, AUTO_INCREMENT=3;

--
-- AUTO_INCREMENT de la tabla `acpsy_estatusseguimiento`
--
ALTER TABLE `acpsy_estatusseguimiento`
  MODIFY `idStatusSeg` int(11) NOT NULL AUTO_INCREMENT, AUTO_INCREMENT=3;

--
-- AUTO_INCREMENT de la tabla `acpsy_etapaseguimiento`
--
ALTER TABLE `acpsy_etapaseguimiento`
  MODIFY `idEtapSegui` int(11) NOT NULL AUTO_INCREMENT, AUTO_INCREMENT=4;

--
-- AUTO_INCREMENT de la tabla `acpsy_famatencion`
--
ALTER TABLE `acpsy_famatencion`
  MODIFY `idFamiliar` int(11) NOT NULL AUTO_INCREMENT;

--
-- AUTO_INCREMENT de la tabla `acpsy_motivoseguimiento`
--
ALTER TABLE `acpsy_motivoseguimiento`
  MODIFY `idMotSeguimiento` int(11) NOT NULL AUTO_INCREMENT;

--
-- AUTO_INCREMENT de la tabla `acpsy_parentescofam`
--
ALTER TABLE `acpsy_parentescofam`
  MODIFY `idParentesco` int(11) NOT NULL AUTO_INCREMENT, AUTO_INCREMENT=10;

--
-- AUTO_INCREMENT de la tabla `acpsy_perfiles`
--
ALTER TABLE `acpsy_perfiles`
  MODIFY `idPerfil` int(11) NOT NULL AUTO_INCREMENT, AUTO_INCREMENT=4;

--
-- AUTO_INCREMENT de la tabla `acpsy_profesionales`
--
ALTER TABLE `acpsy_profesionales`
  MODIFY `idProfesional` int(11) NOT NULL AUTO_INCREMENT, AUTO_INCREMENT=11;

--
-- AUTO_INCREMENT de la tabla `acpsy_seguimiento`
--
ALTER TABLE `acpsy_seguimiento`
  MODIFY `idSeguimiento` int(11) NOT NULL AUTO_INCREMENT;

--
-- AUTO_INCREMENT de la tabla `acpsy_tiposeguimiento`
--
ALTER TABLE `acpsy_tiposeguimiento`
  MODIFY `idTipoSeguimiento` int(11) NOT NULL AUTO_INCREMENT, AUTO_INCREMENT=5;

--
-- AUTO_INCREMENT de la tabla `acpsy_tipsexo`
--
ALTER TABLE `acpsy_tipsexo`
  MODIFY `idTipSexo` int(11) NOT NULL AUTO_INCREMENT, AUTO_INCREMENT=3;

--
-- AUTO_INCREMENT de la tabla `acpsy_usuarios`
--
ALTER TABLE `acpsy_usuarios`
  MODIFY `idUsuario` int(11) NOT NULL AUTO_INCREMENT, AUTO_INCREMENT=2;

--
-- Restricciones para tablas volcadas
--

--
-- Filtros para la tabla `acpsy_atencion`
--
ALTER TABLE `acpsy_atencion`
  ADD CONSTRAINT `fk_estadoAte` FOREIGN KEY (`idEstadoAte`) REFERENCES `acpsy_estadoatencion` (`idEstadoAte`);

--
-- Filtros para la tabla `acpsy_famatencion`
--
ALTER TABLE `acpsy_famatencion`
  ADD CONSTRAINT `fk_atencion` FOREIGN KEY (`idAtencion`) REFERENCES `acpsy_atencion` (`idAtencion`),
  ADD CONSTRAINT `fk_parentesco` FOREIGN KEY (`idParentesco`) REFERENCES `acpsy_parentescofam` (`idParentesco`),
  ADD CONSTRAINT `fk_sexo` FOREIGN KEY (`idTipSexo`) REFERENCES `acpsy_tipsexo` (`idTipSexo`);

--
-- Filtros para la tabla `acpsy_profesionales`
--
ALTER TABLE `acpsy_profesionales`
  ADD CONSTRAINT `fk_condicion` FOREIGN KEY (`idCondicion`) REFERENCES `acpsy_condicionprof` (`idCondicion`);

--
-- Filtros para la tabla `acpsy_seguimiento`
--
ALTER TABLE `acpsy_seguimiento`
  ADD CONSTRAINT `fk_atencionpac` FOREIGN KEY (`idAtencionPac`) REFERENCES `acpsy_atencion` (`idAtencion`),
  ADD CONSTRAINT `fk_estatus` FOREIGN KEY (`idStatusSeg`) REFERENCES `acpsy_estatusseguimiento` (`idStatusSeg`),
  ADD CONSTRAINT `fk_etapa` FOREIGN KEY (`idEtapSegui`) REFERENCES `acpsy_etapaseguimiento` (`idEtapSegui`),
  ADD CONSTRAINT `fk_motivo` FOREIGN KEY (`idMotSeguimiento`) REFERENCES `acpsy_motivoseguimiento` (`idMotSeguimiento`),
  ADD CONSTRAINT `fk_profesional` FOREIGN KEY (`idProfesional`) REFERENCES `acpsy_profesionales` (`idProfesional`),
  ADD CONSTRAINT `fk_tipoSeg` FOREIGN KEY (`idTipoSeguimiento`) REFERENCES `acpsy_tiposeguimiento` (`idTipoSeguimiento`),
  ADD CONSTRAINT `fk_usuarioReg` FOREIGN KEY (`idUsuario`) REFERENCES `acpsy_usuarios` (`idUsuario`);

--
-- Filtros para la tabla `acpsy_usuarios`
--
ALTER TABLE `acpsy_usuarios`
  ADD CONSTRAINT `fk_estadoUsuario` FOREIGN KEY (`idEstado`) REFERENCES `acpsy_estadosu` (`idEstado`),
  ADD CONSTRAINT `fk_perfil` FOREIGN KEY (`idPerfil`) REFERENCES `acpsy_perfiles` (`idPerfil`);
COMMIT;

/*!40101 SET CHARACTER_SET_CLIENT=@OLD_CHARACTER_SET_CLIENT */;
/*!40101 SET CHARACTER_SET_RESULTS=@OLD_CHARACTER_SET_RESULTS */;
/*!40101 SET COLLATION_CONNECTION=@OLD_COLLATION_CONNECTION */;
